week,country,region,good,bad,total,pct_bad,period
2022-02-14,armenia,armenia,1133,263,1396,18.83954154727794,Pre-war
2022-02-21,armenia,armenia,1757,278,2035,13.660933660933662,Pre-war
2022-02-28,armenia,armenia,3060,455,3515,12.944523470839261,War onset (2022-2023)
2022-03-07,armenia,armenia,2966,210,3176,6.6120906801007555,War onset (2022-2023)
2022-03-14,armenia,armenia,2751,432,3183,13.57210179076343,War onset (2022-2023)
2022-03-21,armenia,armenia,2254,443,2697,16.4256581386726,War onset (2022-2023)
2022-03-28,armenia,armenia,2143,364,2507,14.519345831671322,War onset (2022-2023)
2022-04-04,armenia,armenia,1990,555,2545,21.807465618860512,War onset (2022-2023)
2022-04-11,armenia,armenia,2972,392,3364,11.652794292508919,War onset (2022-2023)
2022-04-18,armenia,armenia,3108,413,3521,11.72962226640159,War onset (2022-2023)
2022-04-25,armenia,armenia,3296,423,3719,11.374025275611723,War onset (2022-2023)
2022-05-02,armenia,armenia,2945,716,3661,19.557497951379403,War onset (2022-2023)
2022-05-09,armenia,armenia,2923,689,3612,19.07530454042082,War onset (2022-2023)
2022-05-16,armenia,armenia,3157,636,3793,16.76773002900079,War onset (2022-2023)
2022-05-23,armenia,armenia,4088,478,4566,10.468681559351731,War onset (2022-2023)
2022-05-30,armenia,armenia,4420,495,4915,10.071210579857578,War onset (2022-2023)
2022-06-06,armenia,armenia,3014,539,3553,15.170278637770899,War onset (2022-2023)
2022-06-13,armenia,armenia,4714,548,5262,10.414291144051692,War onset (2022-2023)
2022-06-20,armenia,armenia,5244,498,5742,8.672936259143157,War onset (2022-2023)
2022-06-27,armenia,armenia,4783,803,5586,14.375223773720014,War onset (2022-2023)
2022-07-04,armenia,armenia,4528,815,5343,15.25360284484372,War onset (2022-2023)
2022-07-11,armenia,armenia,5011,546,5557,9.825445384200108,War onset (2022-2023)
2022-07-18,armenia,armenia,5069,680,5749,11.828144025047834,War onset (2022-2023)
2022-07-25,armenia,armenia,4921,590,5511,10.705861005262204,War onset (2022-2023)
2022-08-01,armenia,armenia,4289,771,5060,15.237154150197629,War onset (2022-2023)
2022-08-08,armenia,armenia,4494,787,5281,14.902480590797198,War onset (2022-2023)
2022-08-15,armenia,armenia,5051,632,5683,11.120886855534048,War onset (2022-2023)
2022-08-22,armenia,armenia,5352,532,5884,9.041468388851122,War onset (2022-2023)
2022-08-29,armenia,armenia,4693,590,5283,11.167897028203672,War onset (2022-2023)
2022-09-05,armenia,armenia,4609,427,5036,8.478951548848292,War onset (2022-2023)
2022-09-12,armenia,armenia,2645,327,2972,11.002691790040377,War onset (2022-2023)
2022-09-19,armenia,armenia,3169,401,3570,11.23249299719888,War onset (2022-2023)
2022-09-26,armenia,armenia,3081,605,3686,16.41345632121541,War onset (2022-2023)
2022-10-03,armenia,armenia,3140,563,3703,15.203888738860382,War onset (2022-2023)
2022-10-10,armenia,armenia,2413,432,2845,15.184534270650262,War onset (2022-2023)
2022-10-17,armenia,armenia,3343,537,3880,13.84020618556701,War onset (2022-2023)
2022-10-24,armenia,armenia,3244,566,3810,14.855643044619423,War onset (2022-2023)
2022-10-31,armenia,armenia,2966,703,3669,19.160534205505584,War onset (2022-2023)
2022-11-07,armenia,armenia,2933,610,3543,17.217047699689527,War onset (2022-2023)
2022-11-14,armenia,armenia,2650,403,3053,13.200131018670161,War onset (2022-2023)
2022-11-21,armenia,armenia,2486,542,3028,17.899603698811095,War onset (2022-2023)
2022-11-28,armenia,armenia,2767,607,3374,17.990515708358032,War onset (2022-2023)
2022-12-05,armenia,armenia,2884,690,3574,19.306099608282036,War onset (2022-2023)
2022-12-12,armenia,armenia,3649,498,4147,12.008680974198215,War onset (2022-2023)
2022-12-19,armenia,armenia,3897,419,4316,9.708063021316034,War onset (2022-2023)
2022-12-26,armenia,armenia,3386,289,3675,7.863945578231292,War onset (2022-2023)
2023-01-02,armenia,armenia,3572,199,3771,5.277114823654204,War onset (2022-2023)
2023-01-09,armenia,armenia,3415,195,3610,5.401662049861495,War onset (2022-2023)
2023-01-16,armenia,armenia,2686,277,2963,9.348633142085724,War onset (2022-2023)
2023-01-23,armenia,armenia,3170,242,3412,7.0926143024619,War onset (2022-2023)
2023-01-30,armenia,armenia,3304,185,3489,5.30237890513041,War onset (2022-2023)
2023-02-06,armenia,armenia,3464,83,3547,2.3400056385678036,War onset (2022-2023)
2023-02-13,armenia,armenia,3658,113,3771,2.9965526385574117,War onset (2022-2023)
2023-02-20,armenia,armenia,3370,75,3445,2.1770682148040637,War onset (2022-2023)
2023-02-27,armenia,armenia,3514,183,3697,4.949959426562078,War onset (2022-2023)
2023-03-06,armenia,armenia,3132,239,3371,7.089884307327203,War onset (2022-2023)
2023-03-13,armenia,armenia,3380,160,3540,4.519774011299435,War onset (2022-2023)
2023-03-20,armenia,armenia,3456,195,3651,5.341002465078061,War onset (2022-2023)
2023-03-27,armenia,armenia,3917,202,4119,4.904102937606216,War onset (2022-2023)
2023-04-03,armenia,armenia,3433,222,3655,6.073871409028728,War onset (2022-2023)
2023-04-10,armenia,armenia,3834,141,3975,3.547169811320755,War onset (2022-2023)
2023-04-17,armenia,armenia,4578,275,4853,5.666597980630537,War onset (2022-2023)
2023-04-24,armenia,armenia,5244,216,5460,3.9560439560439558,War onset (2022-2023)
2023-05-01,armenia,armenia,4390,186,4576,4.064685314685314,War onset (2022-2023)
2023-05-08,armenia,armenia,4418,243,4661,5.213473503540013,War onset (2022-2023)
2023-05-15,armenia,armenia,3817,539,4356,12.373737373737374,War onset (2022-2023)
2023-05-22,armenia,armenia,4591,210,4801,4.374088731514268,War onset (2022-2023)
2023-05-29,armenia,armenia,5127,239,5366,4.453969437197167,War onset (2022-2023)
2023-06-05,armenia,armenia,4476,171,4647,3.679793415106521,War onset (2022-2023)
2023-06-12,armenia,armenia,4382,104,4486,2.31832367365136,War onset (2022-2023)
2023-06-19,armenia,armenia,4902,176,5078,3.465931469082316,War onset (2022-2023)
2023-06-26,armenia,armenia,5227,143,5370,2.6629422718808193,War onset (2022-2023)
2023-07-03,armenia,armenia,4876,160,5036,3.177124702144559,War onset (2022-2023)
2023-07-10,armenia,armenia,3559,65,3624,1.7935982339955852,War onset (2022-2023)
2023-07-17,armenia,armenia,3981,69,4050,1.7037037037037037,War onset (2022-2023)
2023-07-24,armenia,armenia,1947,38,1985,1.9143576826196476,War onset (2022-2023)
2023-07-31,armenia,armenia,2190,4,2194,0.18231540565177756,War onset (2022-2023)
2023-08-07,armenia,armenia,3459,26,3485,0.7460545193687231,War onset (2022-2023)
2023-08-14,armenia,armenia,1790,38,1828,2.0787746170678334,War onset (2022-2023)
2023-08-21,armenia,armenia,664,2,666,0.3003003003003003,War onset (2022-2023)
2023-08-28,armenia,armenia,5112,349,5461,6.390770921076726,War onset (2022-2023)
2023-09-04,armenia,armenia,5148,248,5396,4.595997034840623,War onset (2022-2023)
2023-09-11,armenia,armenia,5122,165,5287,3.1208624929071305,War onset (2022-2023)
2023-09-18,armenia,armenia,2947,209,3156,6.6223067173637515,War onset (2022-2023)
2023-09-25,armenia,armenia,2993,83,3076,2.698309492847854,War onset (2022-2023)
2023-10-02,armenia,armenia,2286,158,2444,6.46481178396072,War onset (2022-2023)
2023-10-09,armenia,armenia,2725,185,2910,6.357388316151202,War onset (2022-2023)
2023-10-16,armenia,armenia,3077,29,3106,0.9336767546683838,War onset (2022-2023)
2023-10-23,armenia,armenia,3163,80,3243,2.466851680542707,War onset (2022-2023)
2023-10-30,armenia,armenia,3291,105,3396,3.091872791519435,War onset (2022-2023)
2023-11-06,armenia,armenia,2933,132,3065,4.306688417618271,War onset (2022-2023)
2023-11-13,armenia,armenia,3093,163,3256,5.006142506142506,War onset (2022-2023)
2023-11-20,armenia,armenia,3219,145,3364,4.310344827586207,War onset (2022-2023)
2023-11-27,armenia,armenia,3205,155,3360,4.613095238095238,War onset (2022-2023)
2023-12-04,armenia,armenia,3254,148,3402,4.350382128159906,War onset (2022-2023)
2023-12-11,armenia,armenia,3067,64,3131,2.0440753752794634,War onset (2022-2023)
2023-12-18,armenia,armenia,3425,107,3532,3.029445073612684,War onset (2022-2023)
2023-12-25,armenia,armenia,3565,101,3666,2.755046372067649,War onset (2022-2023)
2024-01-01,armenia,armenia,3286,101,3387,2.981989961617951,Recent (2024+)
2024-01-08,armenia,armenia,3333,95,3428,2.7712952158693116,Recent (2024+)
2024-01-15,armenia,armenia,2852,60,2912,2.0604395604395602,Recent (2024+)
2024-01-22,armenia,armenia,2315,24,2339,1.0260795211628901,Recent (2024+)
2024-01-29,armenia,armenia,2506,47,2553,1.8409714061887974,Recent (2024+)
2024-02-05,armenia,armenia,3244,89,3333,2.6702670267026702,Recent (2024+)
2024-02-12,armenia,armenia,2923,201,3124,6.434058898847632,Recent (2024+)
2024-02-19,armenia,armenia,2854,105,2959,3.548496113551876,Recent (2024+)
2024-02-26,armenia,armenia,3336,39,3375,1.1555555555555554,Recent (2024+)
2024-03-04,armenia,armenia,3315,106,3421,3.098509207833967,Recent (2024+)
2024-03-11,armenia,armenia,3367,80,3447,2.3208587177255584,Recent (2024+)
2024-03-18,armenia,armenia,3422,79,3501,2.2564981433876037,Recent (2024+)
2024-03-25,armenia,armenia,3329,76,3405,2.2320117474302497,Recent (2024+)
2024-04-01,armenia,armenia,3235,268,3503,7.65058521267485,Recent (2024+)
2024-04-08,armenia,armenia,3516,365,3881,9.404792579232156,Recent (2024+)
2024-04-15,armenia,armenia,3471,239,3710,6.442048517520216,Recent (2024+)
2024-04-22,armenia,armenia,3941,101,4042,2.4987629886194953,Recent (2024+)
2024-04-29,armenia,armenia,4178,87,4265,2.0398593200468933,Recent (2024+)
2024-05-06,armenia,armenia,4340,151,4491,3.36228011578713,Recent (2024+)
2024-05-13,armenia,armenia,3778,191,3969,4.812295288485765,Recent (2024+)
2024-05-20,armenia,armenia,4513,87,4600,1.891304347826087,Recent (2024+)
2024-05-27,armenia,armenia,5703,231,5934,3.8928210313447926,Recent (2024+)
2024-06-03,armenia,armenia,6050,204,6254,3.2619123760793096,Recent (2024+)
2024-06-10,armenia,armenia,6141,286,6427,4.449976660961568,Recent (2024+)
2024-06-17,armenia,armenia,6563,248,6811,3.6411686976949054,Recent (2024+)
2024-06-24,armenia,armenia,5782,207,5989,3.456336617131408,Recent (2024+)
2024-07-01,armenia,armenia,6197,200,6397,3.1264655307175238,Recent (2024+)
2024-07-08,armenia,armenia,4731,262,4993,5.247346284798718,Recent (2024+)
2024-07-15,armenia,armenia,4994,247,5241,4.712841060866247,Recent (2024+)
2024-07-22,armenia,armenia,7023,353,7376,4.785791757049892,Recent (2024+)
2024-07-29,armenia,armenia,6682,360,7042,5.112184038625391,Recent (2024+)
2024-08-05,armenia,armenia,6353,266,6619,4.0187339477262425,Recent (2024+)
2024-08-12,armenia,armenia,6664,270,6934,3.8938563599653877,Recent (2024+)
2024-08-19,armenia,armenia,6984,326,7310,4.459644322845417,Recent (2024+)
2024-08-26,armenia,armenia,7534,377,7911,4.765516369611933,Recent (2024+)
2024-09-02,armenia,armenia,6228,225,6453,3.486750348675035,Recent (2024+)
2024-09-09,armenia,armenia,7180,291,7471,3.8950609021549996,Recent (2024+)
2024-09-16,armenia,armenia,6100,261,6361,4.103128438924697,Recent (2024+)
2024-09-23,armenia,armenia,6217,335,6552,5.1129426129426125,Recent (2024+)
2024-09-30,armenia,armenia,7135,362,7497,4.82859810590903,Recent (2024+)
2024-10-07,armenia,armenia,6658,232,6890,3.3671988388969525,Recent (2024+)
2024-10-14,armenia,armenia,6420,386,6806,5.671466353217749,Recent (2024+)
2024-10-21,armenia,armenia,6723,375,7098,5.283178360101437,Recent (2024+)
2024-10-28,armenia,armenia,5378,187,5565,3.3602875112309074,Recent (2024+)
2024-11-04,armenia,armenia,5778,318,6096,5.216535433070866,Recent (2024+)
2024-11-11,armenia,armenia,6750,485,7235,6.703524533517623,Recent (2024+)
2024-11-18,armenia,armenia,6159,386,6545,5.897631779984721,Recent (2024+)
2024-11-25,armenia,armenia,5543,447,5990,7.462437395659433,Recent (2024+)
2024-12-02,armenia,armenia,5586,325,5911,5.4982236508205045,Recent (2024+)
2024-12-09,armenia,armenia,5308,255,5563,4.583857630774761,Recent (2024+)
2024-12-16,armenia,armenia,5776,406,6182,6.567453898414753,Recent (2024+)
2024-12-23,armenia,armenia,5979,505,6484,7.788402220851326,Recent (2024+)
2024-12-30,armenia,armenia,6597,504,7101,7.097591888466413,Recent (2024+)
2025-01-06,armenia,armenia,4639,370,5009,7.386703932920742,Recent (2024+)
2025-01-13,armenia,armenia,7060,395,7455,5.298457411133468,Recent (2024+)
2025-01-20,armenia,armenia,7388,486,7874,6.172212344424689,Recent (2024+)
2025-01-27,armenia,armenia,6640,485,7125,6.807017543859649,Recent (2024+)
2025-02-03,armenia,armenia,6161,489,6650,7.353383458646616,Recent (2024+)
2025-02-10,armenia,armenia,6598,594,7192,8.259176863181313,Recent (2024+)
2025-02-17,armenia,armenia,6764,485,7249,6.690578010760105,Recent (2024+)
2025-02-24,armenia,armenia,6626,678,7304,9.282584884994524,Recent (2024+)
2025-03-03,armenia,armenia,7042,337,7379,4.567014500609838,Recent (2024+)
2025-03-10,armenia,armenia,7092,512,7604,6.733298264071541,Recent (2024+)
2025-03-17,armenia,armenia,7054,484,7538,6.420801273547359,Recent (2024+)
2025-03-24,armenia,armenia,7387,466,7853,5.934037947281294,Recent (2024+)
2025-03-31,armenia,armenia,8019,466,8485,5.492044784914555,Recent (2024+)
2025-04-07,armenia,armenia,7560,561,8121,6.908016254155893,Recent (2024+)
2025-04-14,armenia,armenia,7858,343,8201,4.182416778441653,Recent (2024+)
2025-04-21,armenia,armenia,7667,332,7999,4.150518814851856,Recent (2024+)
2025-04-28,armenia,armenia,7246,472,7718,6.115573982897124,Recent (2024+)
2025-05-05,armenia,armenia,6603,531,7134,7.44322960470984,Recent (2024+)
2025-05-12,armenia,armenia,5160,409,5569,7.344226970730832,Recent (2024+)
2025-05-19,armenia,armenia,7182,522,7704,6.775700934579438,Recent (2024+)
2025-05-26,armenia,armenia,9003,624,9627,6.481770021813649,Recent (2024+)
2025-06-02,armenia,armenia,9033,667,9700,6.876288659793814,Recent (2024+)
2025-06-09,armenia,armenia,8666,648,9314,6.957268627872021,Recent (2024+)
2025-06-16,armenia,armenia,8468,1024,9492,10.78803202697008,Recent (2024+)
2025-06-23,armenia,armenia,8533,1058,9591,11.031175059952037,Recent (2024+)
2025-06-30,armenia,armenia,9917,993,10910,9.101741521539871,Recent (2024+)
2025-07-07,armenia,armenia,10352,821,11173,7.348071243175512,Recent (2024+)
2025-07-14,armenia,armenia,10593,642,11235,5.714285714285714,Recent (2024+)
2025-07-21,armenia,armenia,9738,705,10443,6.750933639758689,Recent (2024+)
2025-07-28,armenia,armenia,9834,933,10767,8.66536639732516,Recent (2024+)
2025-08-04,armenia,armenia,10137,647,10784,5.9996290801186944,Recent (2024+)
2025-08-11,armenia,armenia,10730,445,11175,3.982102908277405,Recent (2024+)
2025-08-18,armenia,armenia,9654,455,10109,4.500939756652488,Recent (2024+)
2025-08-25,armenia,armenia,9593,623,10216,6.098277212216131,Recent (2024+)
2025-09-01,armenia,armenia,8562,469,9031,5.193223341822611,Recent (2024+)
2025-09-08,armenia,armenia,9385,528,9913,5.32633915061031,Recent (2024+)
2025-09-15,armenia,armenia,9767,373,10140,3.6785009861932942,Recent (2024+)
2025-09-22,armenia,armenia,8103,446,8549,5.216984442624868,Recent (2024+)
2025-09-29,armenia,armenia,7485,589,8074,7.295021055239038,Recent (2024+)
2025-10-06,armenia,armenia,8245,584,8829,6.6145656359723635,Recent (2024+)
2025-10-13,armenia,armenia,8394,226,8620,2.6218097447795823,Recent (2024+)
2025-10-20,armenia,armenia,8366,479,8845,5.415488976823064,Recent (2024+)
2025-10-27,armenia,armenia,7825,505,8330,6.062424969987995,Recent (2024+)
2025-11-03,armenia,armenia,7896,571,8467,6.743828983110902,Recent (2024+)
2025-11-10,armenia,armenia,7786,325,8111,4.0069042041671805,Recent (2024+)
2025-11-17,armenia,armenia,7378,345,7723,4.467175967888126,Recent (2024+)
2025-11-24,armenia,armenia,7645,331,7976,4.149949849548646,Recent (2024+)
2025-12-01,armenia,armenia,7643,556,8199,6.781314794487132,Recent (2024+)
2025-12-08,armenia,armenia,7421,572,7993,7.156261729012886,Recent (2024+)
2025-12-15,armenia,armenia,7663,826,8489,9.73023913299564,Recent (2024+)
2025-12-22,armenia,armenia,7794,849,8643,9.82297813259285,Recent (2024+)
2025-12-29,armenia,armenia,7110,826,7936,10.408266129032258,Recent (2024+)
2026-01-05,armenia,armenia,6674,943,7617,12.380202179335695,Recent (2024+)
2026-01-12,armenia,armenia,6296,1340,7636,17.54845468831849,Recent (2024+)
2026-01-19,armenia,armenia,6541,1323,7864,16.823499491353,Recent (2024+)
2026-01-26,armenia,armenia,6980,791,7771,10.178870158280787,Recent (2024+)
2026-02-02,armenia,armenia,6911,600,7511,7.988283850352816,Recent (2024+)
2026-02-09,armenia,armenia,7063,557,7620,7.3097112860892395,Recent (2024+)
2026-02-16,armenia,armenia,9005,718,9723,7.384552092975419,Recent (2024+)
2026-02-23,armenia,armenia,7882,660,8542,7.726527745258721,Recent (2024+)
2026-03-02,armenia,armenia,8133,612,8745,6.99828473413379,Recent (2024+)
2026-03-09,armenia,armenia,6181,590,6771,8.713631664451336,Recent (2024+)
2026-03-16,armenia,armenia,6077,552,6629,8.32704782018404,Recent (2024+)
2026-03-23,armenia,armenia,7787,582,8369,6.95423587047437,Recent (2024+)
2026-03-30,armenia,armenia,8528,802,9330,8.595927116827438,Recent (2024+)
2026-04-06,armenia,armenia,8418,633,9051,6.993702353331123,Recent (2024+)
2026-04-13,armenia,armenia,9833,567,10400,5.4519230769230775,Recent (2024+)
2026-04-20,armenia,armenia,12378,581,12959,4.483370630449881,Recent (2024+)
2026-04-27,armenia,armenia,12886,649,13535,4.794975988178796,Recent (2024+)
2026-05-04,armenia,armenia,13618,782,14400,5.430555555555556,Recent (2024+)
2026-05-11,armenia,armenia,13033,741,13774,5.379700885726732,Recent (2024+)
2022-02-14,azerbaijan,azerbaijan,4024,318,4342,7.323813910640258,Pre-war
2022-02-21,azerbaijan,azerbaijan,7685,215,7900,2.721518987341772,Pre-war
2022-02-28,azerbaijan,azerbaijan,12126,113,12239,0.9232780455919601,War onset (2022-2023)
2022-03-07,azerbaijan,azerbaijan,12659,164,12823,1.2789518833346332,War onset (2022-2023)
2022-03-14,azerbaijan,azerbaijan,13194,98,13292,0.7372855853144749,War onset (2022-2023)
2022-03-21,azerbaijan,azerbaijan,13077,430,13507,3.1835344636114606,War onset (2022-2023)
2022-03-28,azerbaijan,azerbaijan,12090,562,12652,4.441985456844768,War onset (2022-2023)
2022-04-04,azerbaijan,azerbaijan,12372,399,12771,3.124265914963589,War onset (2022-2023)
2022-04-11,azerbaijan,azerbaijan,12645,616,13261,4.645200211145465,War onset (2022-2023)
2022-04-18,azerbaijan,azerbaijan,13233,436,13669,3.1896993196283563,War onset (2022-2023)
2022-04-25,azerbaijan,azerbaijan,15390,155,15545,0.9971051785139916,War onset (2022-2023)
2022-05-02,azerbaijan,azerbaijan,15533,190,15723,1.208420784837499,War onset (2022-2023)
2022-05-09,azerbaijan,azerbaijan,15228,291,15519,1.8751208196404408,War onset (2022-2023)
2022-05-16,azerbaijan,azerbaijan,15782,203,15985,1.2699405692837034,War onset (2022-2023)
2022-05-23,azerbaijan,azerbaijan,16500,137,16637,0.8234657690689426,War onset (2022-2023)
2022-05-30,azerbaijan,azerbaijan,17610,433,18043,2.3998226459014576,War onset (2022-2023)
2022-06-06,azerbaijan,azerbaijan,12600,277,12877,2.1511221557816262,War onset (2022-2023)
2022-06-13,azerbaijan,azerbaijan,15946,471,16417,2.868977279649144,War onset (2022-2023)
2022-06-20,azerbaijan,azerbaijan,17156,251,17407,1.4419486413511806,War onset (2022-2023)
2022-06-27,azerbaijan,azerbaijan,18067,441,18508,2.3827534039334344,War onset (2022-2023)
2022-07-04,azerbaijan,azerbaijan,13534,495,14029,3.528405445862143,War onset (2022-2023)
2022-07-11,azerbaijan,azerbaijan,15031,246,15277,1.6102637952477579,War onset (2022-2023)
2022-07-18,azerbaijan,azerbaijan,20318,193,20511,0.9409585100677684,War onset (2022-2023)
2022-07-25,azerbaijan,azerbaijan,17784,434,18218,2.38225930398507,War onset (2022-2023)
2022-08-01,azerbaijan,azerbaijan,13359,1238,14597,8.48119476604782,War onset (2022-2023)
2022-08-08,azerbaijan,azerbaijan,16967,621,17588,3.530816465772117,War onset (2022-2023)
2022-08-15,azerbaijan,azerbaijan,15634,718,16352,4.390900195694717,War onset (2022-2023)
2022-08-22,azerbaijan,azerbaijan,15275,692,15967,4.33393874866913,War onset (2022-2023)
2022-08-29,azerbaijan,azerbaijan,16973,528,17501,3.016970458830924,War onset (2022-2023)
2022-09-05,azerbaijan,azerbaijan,17135,61,17196,0.3547336589904629,War onset (2022-2023)
2022-09-12,azerbaijan,azerbaijan,12075,701,12776,5.486850344395742,War onset (2022-2023)
2022-09-19,azerbaijan,azerbaijan,11669,451,12120,3.721122112211221,War onset (2022-2023)
2022-09-26,azerbaijan,azerbaijan,13736,1147,14883,7.706779547134314,War onset (2022-2023)
2022-10-03,azerbaijan,azerbaijan,11869,228,12097,1.8847648177234024,War onset (2022-2023)
2022-10-10,azerbaijan,azerbaijan,11889,113,12002,0.9415097483752707,War onset (2022-2023)
2022-10-17,azerbaijan,azerbaijan,13297,42,13339,0.3148661818727041,War onset (2022-2023)
2022-10-24,azerbaijan,azerbaijan,16247,201,16448,1.2220330739299612,War onset (2022-2023)
2022-10-31,azerbaijan,azerbaijan,16149,318,16467,1.9311349972672618,War onset (2022-2023)
2022-11-07,azerbaijan,azerbaijan,16629,193,16822,1.147307097848056,War onset (2022-2023)
2022-11-14,azerbaijan,azerbaijan,7105,227,7332,3.0960174577195856,War onset (2022-2023)
2022-11-21,azerbaijan,azerbaijan,10338,160,10498,1.5240998285387692,War onset (2022-2023)
2022-11-28,azerbaijan,azerbaijan,16719,199,16918,1.176261969499941,War onset (2022-2023)
2022-12-05,azerbaijan,azerbaijan,13700,63,13763,0.45774903727385013,War onset (2022-2023)
2022-12-12,azerbaijan,azerbaijan,13968,215,14183,1.5158993160826342,War onset (2022-2023)
2022-12-19,azerbaijan,azerbaijan,8685,80,8765,0.912721049629207,War onset (2022-2023)
2022-12-26,azerbaijan,azerbaijan,12106,275,12381,2.221145303287295,War onset (2022-2023)
2023-01-02,azerbaijan,azerbaijan,15814,269,16083,1.6725735248398932,War onset (2022-2023)
2023-01-09,azerbaijan,azerbaijan,16442,118,16560,0.7125603864734299,War onset (2022-2023)
2023-01-16,azerbaijan,azerbaijan,14069,253,14322,1.7665130568356373,War onset (2022-2023)
2023-01-23,azerbaijan,azerbaijan,16203,139,16342,0.8505690857912128,War onset (2022-2023)
2023-01-30,azerbaijan,azerbaijan,15827,15,15842,0.09468501451836889,War onset (2022-2023)
2023-02-06,azerbaijan,azerbaijan,15900,95,15995,0.5939356048765239,War onset (2022-2023)
2023-02-13,azerbaijan,azerbaijan,14353,68,14421,0.47153456764440743,War onset (2022-2023)
2023-02-20,azerbaijan,azerbaijan,14206,137,14343,0.9551697692254061,War onset (2022-2023)
2023-02-27,azerbaijan,azerbaijan,13237,160,13397,1.1942972307232962,War onset (2022-2023)
2023-03-06,azerbaijan,azerbaijan,5566,109,5675,1.920704845814978,War onset (2022-2023)
2023-03-13,azerbaijan,azerbaijan,5475,114,5589,2.0397208803005906,War onset (2022-2023)
2023-03-20,azerbaijan,azerbaijan,8820,254,9074,2.799206524134891,War onset (2022-2023)
2023-03-27,azerbaijan,azerbaijan,11632,238,11870,2.0050547598989046,War onset (2022-2023)
2023-04-03,azerbaijan,azerbaijan,14340,161,14501,1.1102682573615612,War onset (2022-2023)
2023-04-10,azerbaijan,azerbaijan,19645,75,19720,0.3803245436105477,War onset (2022-2023)
2023-04-17,azerbaijan,azerbaijan,21813,239,22052,1.0838019227280973,War onset (2022-2023)
2023-04-24,azerbaijan,azerbaijan,24436,171,24607,0.6949242085585403,War onset (2022-2023)
2023-05-01,azerbaijan,azerbaijan,22501,181,22682,0.7979895952737854,War onset (2022-2023)
2023-05-08,azerbaijan,azerbaijan,20478,217,20695,1.0485624546992027,War onset (2022-2023)
2023-05-15,azerbaijan,azerbaijan,12600,643,13243,4.855395303179038,War onset (2022-2023)
2023-05-22,azerbaijan,azerbaijan,21394,110,21504,0.5115327380952381,War onset (2022-2023)
2023-05-29,azerbaijan,azerbaijan,27250,101,27351,0.36927351833570987,War onset (2022-2023)
2023-06-05,azerbaijan,azerbaijan,24874,51,24925,0.20461384152457374,War onset (2022-2023)
2023-06-12,azerbaijan,azerbaijan,24571,206,24777,0.8314162327965452,War onset (2022-2023)
2023-06-19,azerbaijan,azerbaijan,24068,255,24323,1.0483904123668957,War onset (2022-2023)
2023-06-26,azerbaijan,azerbaijan,23911,446,24357,1.8310957835529829,War onset (2022-2023)
2023-07-03,azerbaijan,azerbaijan,26092,586,26678,2.1965664592548166,War onset (2022-2023)
2023-07-10,azerbaijan,azerbaijan,25887,621,26508,2.3426889995473066,War onset (2022-2023)
2023-07-17,azerbaijan,azerbaijan,25855,329,26184,1.2564925145126795,War onset (2022-2023)
2023-07-24,azerbaijan,azerbaijan,25907,312,26219,1.1899767344292307,War onset (2022-2023)
2023-07-31,azerbaijan,azerbaijan,25817,113,25930,0.43578866178172004,War onset (2022-2023)
2023-08-07,azerbaijan,azerbaijan,25197,305,25502,1.195984628656576,War onset (2022-2023)
2023-08-14,azerbaijan,azerbaijan,23360,123,23483,0.5237831622876123,War onset (2022-2023)
2023-08-21,azerbaijan,azerbaijan,22537,27,22564,0.11965963481652189,War onset (2022-2023)
2023-08-28,azerbaijan,azerbaijan,21876,274,22150,1.237020316027088,War onset (2022-2023)
2023-09-04,azerbaijan,azerbaijan,23883,256,24139,1.0605244624880898,War onset (2022-2023)
2023-09-11,azerbaijan,azerbaijan,25705,479,26184,1.8293614421020472,War onset (2022-2023)
2023-09-18,azerbaijan,azerbaijan,18785,1248,20033,6.229720960415315,War onset (2022-2023)
2023-09-25,azerbaijan,azerbaijan,18713,158,18871,0.8372635260452547,War onset (2022-2023)
2023-10-02,azerbaijan,azerbaijan,20910,251,21161,1.18614432210198,War onset (2022-2023)
2023-10-09,azerbaijan,azerbaijan,23423,66,23489,0.28098258759419303,War onset (2022-2023)
2023-10-16,azerbaijan,azerbaijan,20845,11,20856,0.05274261603375527,War onset (2022-2023)
2023-10-23,azerbaijan,azerbaijan,23540,56,23596,0.23732836073910832,War onset (2022-2023)
2023-10-30,azerbaijan,azerbaijan,24840,36,24876,0.1447178002894356,War onset (2022-2023)
2023-11-06,azerbaijan,azerbaijan,23823,62,23885,0.2595771404647268,War onset (2022-2023)
2023-11-13,azerbaijan,azerbaijan,22407,61,22468,0.27149724051985047,War onset (2022-2023)
2023-11-20,azerbaijan,azerbaijan,22581,19,22600,0.08407079646017698,War onset (2022-2023)
2023-11-27,azerbaijan,azerbaijan,23007,20,23027,0.08685456203587094,War onset (2022-2023)
2023-12-04,azerbaijan,azerbaijan,21374,32,21406,0.14949079697281134,War onset (2022-2023)
2023-12-11,azerbaijan,azerbaijan,21883,96,21979,0.4367805632649347,War onset (2022-2023)
2023-12-18,azerbaijan,azerbaijan,21834,58,21892,0.2649369632742554,War onset (2022-2023)
2023-12-25,azerbaijan,azerbaijan,21184,83,21267,0.39027601448253163,War onset (2022-2023)
2024-01-01,azerbaijan,azerbaijan,21093,71,21164,0.3354753354753355,Recent (2024+)
2024-01-08,azerbaijan,azerbaijan,22768,49,22817,0.21475215847832754,Recent (2024+)
2024-01-15,azerbaijan,azerbaijan,21859,39,21898,0.17809845648004385,Recent (2024+)
2024-01-22,azerbaijan,azerbaijan,19084,25,19109,0.13082840546339422,Recent (2024+)
2024-01-29,azerbaijan,azerbaijan,17932,42,17974,0.23367085790586403,Recent (2024+)
2024-02-05,azerbaijan,azerbaijan,22208,76,22284,0.3410518757853168,Recent (2024+)
2024-02-12,azerbaijan,azerbaijan,20550,429,20979,2.0449020449020447,Recent (2024+)
2024-02-19,azerbaijan,azerbaijan,20956,50,21006,0.23802723031514805,Recent (2024+)
2024-02-26,azerbaijan,azerbaijan,22380,41,22421,0.18286427902412916,Recent (2024+)
2024-03-04,azerbaijan,azerbaijan,22359,130,22489,0.5780603850771489,Recent (2024+)
2024-03-11,azerbaijan,azerbaijan,23039,53,23092,0.2295167157457128,Recent (2024+)
2024-03-18,azerbaijan,azerbaijan,23886,44,23930,0.18386961972419558,Recent (2024+)
2024-03-25,azerbaijan,azerbaijan,23434,57,23491,0.24264611979055808,Recent (2024+)
2024-04-01,azerbaijan,azerbaijan,22599,147,22746,0.6462674756001054,Recent (2024+)
2024-04-08,azerbaijan,azerbaijan,24235,129,24364,0.5294697094073222,Recent (2024+)
2024-04-15,azerbaijan,azerbaijan,30689,152,30841,0.49285042638046755,Recent (2024+)
2024-04-22,azerbaijan,azerbaijan,30800,41,30841,0.1329399176420998,Recent (2024+)
2024-04-29,azerbaijan,azerbaijan,30095,78,30173,0.25850926324859974,Recent (2024+)
2024-05-06,azerbaijan,azerbaijan,28321,81,28402,0.28519118371945634,Recent (2024+)
2024-05-13,azerbaijan,azerbaijan,24954,56,25010,0.22391043582566972,Recent (2024+)
2024-05-20,azerbaijan,azerbaijan,30321,92,30413,0.30250221944563177,Recent (2024+)
2024-05-27,azerbaijan,azerbaijan,30584,46,30630,0.15017956252040482,Recent (2024+)
2024-06-03,azerbaijan,azerbaijan,33479,65,33544,0.1937753398521345,Recent (2024+)
2024-06-10,azerbaijan,azerbaijan,32456,97,32553,0.29797560900685033,Recent (2024+)
2024-06-17,azerbaijan,azerbaijan,26339,66,26405,0.2499526604809695,Recent (2024+)
2024-06-24,azerbaijan,azerbaijan,25460,106,25566,0.41461315810060234,Recent (2024+)
2024-07-01,azerbaijan,azerbaijan,30791,153,30944,0.4944415718717683,Recent (2024+)
2024-07-08,azerbaijan,azerbaijan,25720,96,25816,0.37186241090796407,Recent (2024+)
2024-07-15,azerbaijan,azerbaijan,27358,123,27481,0.4475819657217714,Recent (2024+)
2024-07-22,azerbaijan,azerbaijan,32128,183,32311,0.5663705858685897,Recent (2024+)
2024-07-29,azerbaijan,azerbaijan,31908,209,32117,0.6507457109941776,Recent (2024+)
2024-08-05,azerbaijan,azerbaijan,34580,139,34719,0.40035715314381176,Recent (2024+)
2024-08-12,azerbaijan,azerbaijan,36492,78,36570,0.21328958162428222,Recent (2024+)
2024-08-19,azerbaijan,azerbaijan,37676,188,37864,0.4965138390027467,Recent (2024+)
2024-08-26,azerbaijan,azerbaijan,39035,116,39151,0.2962887282572603,Recent (2024+)
2024-09-02,azerbaijan,azerbaijan,30567,98,30665,0.31958258601010925,Recent (2024+)
2024-09-09,azerbaijan,azerbaijan,37775,106,37881,0.27982365829835537,Recent (2024+)
2024-09-16,azerbaijan,azerbaijan,27814,52,27866,0.1866073351037106,Recent (2024+)
2024-09-23,azerbaijan,azerbaijan,23529,56,23585,0.23743905024379902,Recent (2024+)
2024-09-30,azerbaijan,azerbaijan,35138,77,35215,0.21865682237682807,Recent (2024+)
2024-10-07,azerbaijan,azerbaijan,33907,60,33967,0.17664203491624225,Recent (2024+)
2024-10-14,azerbaijan,azerbaijan,33478,51,33529,0.152107131140207,Recent (2024+)
2024-10-21,azerbaijan,azerbaijan,33142,144,33286,0.43261431232349934,Recent (2024+)
2024-10-28,azerbaijan,azerbaijan,31189,68,31257,0.21755126851585246,Recent (2024+)
2024-11-04,azerbaijan,azerbaijan,32049,117,32166,0.36373810856183547,Recent (2024+)
2024-11-11,azerbaijan,azerbaijan,31997,54,32051,0.1684814826370472,Recent (2024+)
2024-11-18,azerbaijan,azerbaijan,29337,758,30095,2.5186908124273133,Recent (2024+)
2024-11-25,azerbaijan,azerbaijan,32012,927,32939,2.8142930872218344,Recent (2024+)
2024-12-02,azerbaijan,azerbaijan,31068,2313,33381,6.9290913992990015,Recent (2024+)
2024-12-09,azerbaijan,azerbaijan,30838,1916,32754,5.849667216217867,Recent (2024+)
2024-12-16,azerbaijan,azerbaijan,27574,1782,29356,6.0703093064450195,Recent (2024+)
2024-12-23,azerbaijan,azerbaijan,27191,1763,28954,6.088968708986669,Recent (2024+)
2024-12-30,azerbaijan,azerbaijan,29278,3562,32840,10.84652862362972,Recent (2024+)
2025-01-06,azerbaijan,azerbaijan,23346,2335,25681,9.092325065223317,Recent (2024+)
2025-01-13,azerbaijan,azerbaijan,32472,2201,34673,6.34787875292014,Recent (2024+)
2025-01-20,azerbaijan,azerbaijan,32135,2065,34200,6.038011695906433,Recent (2024+)
2025-01-27,azerbaijan,azerbaijan,25291,2117,27408,7.724022183304145,Recent (2024+)
2025-02-03,azerbaijan,azerbaijan,18893,2863,21756,13.159588159588159,Recent (2024+)
2025-02-10,azerbaijan,azerbaijan,20963,2684,23647,11.350276990738784,Recent (2024+)
2025-02-17,azerbaijan,azerbaijan,23732,2423,26155,9.264003058688587,Recent (2024+)
2025-02-24,azerbaijan,azerbaijan,26857,1603,28460,5.632466619817287,Recent (2024+)
2025-03-03,azerbaijan,azerbaijan,27108,2631,29739,8.846968627055382,Recent (2024+)
2025-03-10,azerbaijan,azerbaijan,20433,3706,24139,15.352748663987736,Recent (2024+)
2025-03-17,azerbaijan,azerbaijan,26356,2319,28675,8.0871839581517,Recent (2024+)
2025-03-24,azerbaijan,azerbaijan,31472,1956,33428,5.851382074907264,Recent (2024+)
2025-03-31,azerbaijan,azerbaijan,32059,2188,34247,6.388880777878354,Recent (2024+)
2025-04-07,azerbaijan,azerbaijan,29234,2417,31651,7.636409592113994,Recent (2024+)
2025-04-14,azerbaijan,azerbaijan,33155,1978,35133,5.630034440554464,Recent (2024+)
2025-04-21,azerbaijan,azerbaijan,30868,2737,33605,8.144621336110697,Recent (2024+)
2025-04-28,azerbaijan,azerbaijan,28511,2081,30592,6.802432008368201,Recent (2024+)
2025-05-05,azerbaijan,azerbaijan,24744,1824,26568,6.865401987353207,Recent (2024+)
2025-05-12,azerbaijan,azerbaijan,19713,1490,21203,7.027307456492006,Recent (2024+)
2025-05-19,azerbaijan,azerbaijan,28615,1763,30378,5.803542037000461,Recent (2024+)
2025-05-26,azerbaijan,azerbaijan,28831,2821,31652,8.912548970049286,Recent (2024+)
2025-06-02,azerbaijan,azerbaijan,29613,2729,32342,8.437944468492981,Recent (2024+)
2025-06-09,azerbaijan,azerbaijan,31276,3694,34970,10.563340005719187,Recent (2024+)
2025-06-16,azerbaijan,azerbaijan,31792,4181,35973,11.622605843271343,Recent (2024+)
2025-06-23,azerbaijan,azerbaijan,32169,4011,36180,11.086235489220563,Recent (2024+)
2025-06-30,azerbaijan,azerbaijan,22845,4533,27378,16.557089634012712,Recent (2024+)
2025-07-07,azerbaijan,azerbaijan,26834,3706,30540,12.134905042567125,Recent (2024+)
2025-07-14,azerbaijan,azerbaijan,29091,2664,31755,8.38923004251299,Recent (2024+)
2025-07-21,azerbaijan,azerbaijan,29744,2618,32362,8.089734874235214,Recent (2024+)
2025-07-28,azerbaijan,azerbaijan,29023,3724,32747,11.37203407945766,Recent (2024+)
2025-08-04,azerbaijan,azerbaijan,31340,3732,35072,10.64096715328467,Recent (2024+)
2025-08-11,azerbaijan,azerbaijan,32237,3180,35417,8.978739023632718,Recent (2024+)
2025-08-18,azerbaijan,azerbaijan,29593,3609,33202,10.869827118848262,Recent (2024+)
2025-08-25,azerbaijan,azerbaijan,28168,3925,32093,12.23008132614589,Recent (2024+)
2025-09-01,azerbaijan,azerbaijan,26402,3627,30029,12.078324286523028,Recent (2024+)
2025-09-08,azerbaijan,azerbaijan,18880,4914,23794,20.65226527696058,Recent (2024+)
2025-09-15,azerbaijan,azerbaijan,17981,4106,22087,18.590120885588806,Recent (2024+)
2025-09-22,azerbaijan,azerbaijan,9527,1359,10886,12.48392430644865,Recent (2024+)
2025-09-29,azerbaijan,azerbaijan,25211,2207,27418,8.049456561383032,Recent (2024+)
2025-10-06,azerbaijan,azerbaijan,28803,2467,31270,7.889350815478094,Recent (2024+)
2025-10-13,azerbaijan,azerbaijan,28952,3289,32241,10.201296485841011,Recent (2024+)
2025-10-20,azerbaijan,azerbaijan,32240,2401,34641,6.931093213244422,Recent (2024+)
2025-10-27,azerbaijan,azerbaijan,14786,1694,16480,10.279126213592232,Recent (2024+)
2025-11-03,azerbaijan,azerbaijan,23887,2318,26205,8.845640145010494,Recent (2024+)
2025-11-10,azerbaijan,azerbaijan,28218,2347,30565,7.678717487322101,Recent (2024+)
2025-11-17,azerbaijan,azerbaijan,21318,3471,24789,14.002178385574245,Recent (2024+)
2025-11-24,azerbaijan,azerbaijan,15810,3846,19656,19.566544566544568,Recent (2024+)
2025-12-01,azerbaijan,azerbaijan,16611,4047,20658,19.590473424339237,Recent (2024+)
2025-12-08,azerbaijan,azerbaijan,18876,3350,22226,15.072437685593448,Recent (2024+)
2025-12-15,azerbaijan,azerbaijan,18899,2136,21035,10.154504397432849,Recent (2024+)
2025-12-22,azerbaijan,azerbaijan,17748,2189,19937,10.979585694939058,Recent (2024+)
2025-12-29,azerbaijan,azerbaijan,15737,2546,18283,13.925504567084177,Recent (2024+)
2026-01-05,azerbaijan,azerbaijan,14966,2680,17646,15.187577921341946,Recent (2024+)
2026-01-12,azerbaijan,azerbaijan,15521,2886,18407,15.678817841038736,Recent (2024+)
2026-01-19,azerbaijan,azerbaijan,23308,1558,24866,6.265583527708518,Recent (2024+)
2026-01-26,azerbaijan,azerbaijan,23314,1424,24738,5.756326299620017,Recent (2024+)
2026-02-02,azerbaijan,azerbaijan,22031,1362,23393,5.822254520583081,Recent (2024+)
2026-02-09,azerbaijan,azerbaijan,20105,913,21018,4.343895708440384,Recent (2024+)
2026-02-16,azerbaijan,azerbaijan,20781,2121,22902,9.261199895205658,Recent (2024+)
2026-02-23,azerbaijan,azerbaijan,17419,2001,19420,10.303810504634397,Recent (2024+)
2026-03-02,azerbaijan,azerbaijan,21879,1963,23842,8.233369683751363,Recent (2024+)
2026-03-09,azerbaijan,azerbaijan,17797,3075,20872,14.732656190111154,Recent (2024+)
2026-03-16,azerbaijan,azerbaijan,28134,1777,29911,5.940958175921902,Recent (2024+)
2026-03-23,azerbaijan,azerbaijan,26515,1781,28296,6.294175855244558,Recent (2024+)
2026-03-30,azerbaijan,azerbaijan,28743,1416,30159,4.695115885805232,Recent (2024+)
2026-04-06,azerbaijan,azerbaijan,25239,2353,27592,8.527834154827486,Recent (2024+)
2026-04-13,azerbaijan,azerbaijan,20413,1395,21808,6.396735143066764,Recent (2024+)
2026-04-20,azerbaijan,azerbaijan,24244,788,25032,3.1479705976350276,Recent (2024+)
2026-04-27,azerbaijan,azerbaijan,21226,783,22009,3.557635512744786,Recent (2024+)
2026-05-04,azerbaijan,azerbaijan,21082,1226,22308,5.495786265017035,Recent (2024+)
2026-05-11,azerbaijan,azerbaijan,21892,940,22832,4.117028731604766,Recent (2024+)
2022-02-14,azerbaijan,nagorno_karabakh,52,2,54,3.7037037037037033,Pre-war
2022-02-21,azerbaijan,nagorno_karabakh,89,0,89,0.0,Pre-war
2022-02-28,azerbaijan,nagorno_karabakh,162,0,162,0.0,War onset (2022-2023)
2022-03-07,azerbaijan,nagorno_karabakh,171,2,173,1.1560693641618496,War onset (2022-2023)
2022-03-14,azerbaijan,nagorno_karabakh,143,3,146,2.054794520547945,War onset (2022-2023)
2022-03-21,azerbaijan,nagorno_karabakh,151,6,157,3.821656050955414,War onset (2022-2023)
2022-03-28,azerbaijan,nagorno_karabakh,117,14,131,10.687022900763358,War onset (2022-2023)
2022-04-04,azerbaijan,nagorno_karabakh,134,6,140,4.285714285714286,War onset (2022-2023)
2022-04-11,azerbaijan,nagorno_karabakh,119,21,140,15.0,War onset (2022-2023)
2022-04-18,azerbaijan,nagorno_karabakh,153,9,162,5.555555555555555,War onset (2022-2023)
2022-04-25,azerbaijan,nagorno_karabakh,215,4,219,1.82648401826484,War onset (2022-2023)
2022-05-02,azerbaijan,nagorno_karabakh,221,6,227,2.643171806167401,War onset (2022-2023)
2022-05-09,azerbaijan,nagorno_karabakh,165,8,173,4.624277456647398,War onset (2022-2023)
2022-05-16,azerbaijan,nagorno_karabakh,146,5,151,3.3112582781456954,War onset (2022-2023)
2022-05-23,azerbaijan,nagorno_karabakh,215,4,219,1.82648401826484,War onset (2022-2023)
2022-05-30,azerbaijan,nagorno_karabakh,230,7,237,2.9535864978902953,War onset (2022-2023)
2022-06-06,azerbaijan,nagorno_karabakh,151,8,159,5.031446540880504,War onset (2022-2023)
2022-06-13,azerbaijan,nagorno_karabakh,192,14,206,6.796116504854369,War onset (2022-2023)
2022-06-20,azerbaijan,nagorno_karabakh,291,5,296,1.6891891891891893,War onset (2022-2023)
2022-06-27,azerbaijan,nagorno_karabakh,231,10,241,4.149377593360995,War onset (2022-2023)
2022-07-04,azerbaijan,nagorno_karabakh,119,6,125,4.8,War onset (2022-2023)
2022-07-11,azerbaijan,nagorno_karabakh,155,2,157,1.2738853503184715,War onset (2022-2023)
2022-07-18,azerbaijan,nagorno_karabakh,212,5,217,2.3041474654377883,War onset (2022-2023)
2022-07-25,azerbaijan,nagorno_karabakh,159,9,168,5.357142857142857,War onset (2022-2023)
2022-08-01,azerbaijan,nagorno_karabakh,100,19,119,15.966386554621847,War onset (2022-2023)
2022-08-08,azerbaijan,nagorno_karabakh,114,22,136,16.176470588235293,War onset (2022-2023)
2022-08-15,azerbaijan,nagorno_karabakh,148,11,159,6.918238993710692,War onset (2022-2023)
2022-08-22,azerbaijan,nagorno_karabakh,113,10,123,8.130081300813007,War onset (2022-2023)
2022-08-29,azerbaijan,nagorno_karabakh,111,7,118,5.932203389830509,War onset (2022-2023)
2022-09-05,azerbaijan,nagorno_karabakh,133,2,135,1.4814814814814816,War onset (2022-2023)
2022-09-12,azerbaijan,nagorno_karabakh,45,4,49,8.16326530612245,War onset (2022-2023)
2022-09-19,azerbaijan,nagorno_karabakh,58,7,65,10.76923076923077,War onset (2022-2023)
2022-09-26,azerbaijan,nagorno_karabakh,86,9,95,9.473684210526317,War onset (2022-2023)
2022-10-03,azerbaijan,nagorno_karabakh,126,2,128,1.5625,War onset (2022-2023)
2022-10-10,azerbaijan,nagorno_karabakh,96,3,99,3.0303030303030303,War onset (2022-2023)
2022-10-17,azerbaijan,nagorno_karabakh,118,0,118,0.0,War onset (2022-2023)
2022-10-24,azerbaijan,nagorno_karabakh,96,2,98,2.0408163265306123,War onset (2022-2023)
2022-10-31,azerbaijan,nagorno_karabakh,128,4,132,3.0303030303030303,War onset (2022-2023)
2022-11-07,azerbaijan,nagorno_karabakh,135,8,143,5.594405594405594,War onset (2022-2023)
2022-11-14,azerbaijan,nagorno_karabakh,32,3,35,8.571428571428571,War onset (2022-2023)
2022-11-21,azerbaijan,nagorno_karabakh,65,3,68,4.411764705882353,War onset (2022-2023)
2022-11-28,azerbaijan,nagorno_karabakh,115,0,115,0.0,War onset (2022-2023)
2022-12-05,azerbaijan,nagorno_karabakh,96,0,96,0.0,War onset (2022-2023)
2022-12-12,azerbaijan,nagorno_karabakh,114,4,118,3.389830508474576,War onset (2022-2023)
2022-12-19,azerbaijan,nagorno_karabakh,75,1,76,1.3157894736842104,War onset (2022-2023)
2022-12-26,azerbaijan,nagorno_karabakh,96,0,96,0.0,War onset (2022-2023)
2023-01-02,azerbaijan,nagorno_karabakh,103,1,104,0.9615384615384616,War onset (2022-2023)
2023-01-09,azerbaijan,nagorno_karabakh,91,0,91,0.0,War onset (2022-2023)
2023-01-16,azerbaijan,nagorno_karabakh,83,2,85,2.3529411764705883,War onset (2022-2023)
2023-01-23,azerbaijan,nagorno_karabakh,135,4,139,2.877697841726619,War onset (2022-2023)
2023-01-30,azerbaijan,nagorno_karabakh,125,0,125,0.0,War onset (2022-2023)
2023-02-06,azerbaijan,nagorno_karabakh,143,2,145,1.3793103448275863,War onset (2022-2023)
2023-02-13,azerbaijan,nagorno_karabakh,105,0,105,0.0,War onset (2022-2023)
2023-02-20,azerbaijan,nagorno_karabakh,75,1,76,1.3157894736842104,War onset (2022-2023)
2023-02-27,azerbaijan,nagorno_karabakh,65,3,68,4.411764705882353,War onset (2022-2023)
2023-03-06,azerbaijan,nagorno_karabakh,42,3,45,6.666666666666667,War onset (2022-2023)
2023-03-13,azerbaijan,nagorno_karabakh,58,2,60,3.3333333333333335,War onset (2022-2023)
2023-03-20,azerbaijan,nagorno_karabakh,42,2,44,4.545454545454546,War onset (2022-2023)
2023-03-27,azerbaijan,nagorno_karabakh,72,3,75,4.0,War onset (2022-2023)
2023-04-03,azerbaijan,nagorno_karabakh,58,0,58,0.0,War onset (2022-2023)
2023-04-10,azerbaijan,nagorno_karabakh,100,6,106,5.660377358490567,War onset (2022-2023)
2023-04-17,azerbaijan,nagorno_karabakh,185,5,190,2.631578947368421,War onset (2022-2023)
2023-04-24,azerbaijan,nagorno_karabakh,269,3,272,1.1029411764705883,War onset (2022-2023)
2023-05-01,azerbaijan,nagorno_karabakh,165,0,165,0.0,War onset (2022-2023)
2023-05-08,azerbaijan,nagorno_karabakh,104,7,111,6.306306306306306,War onset (2022-2023)
2023-05-15,azerbaijan,nagorno_karabakh,84,6,90,6.666666666666667,War onset (2022-2023)
2023-05-22,azerbaijan,nagorno_karabakh,188,5,193,2.5906735751295336,War onset (2022-2023)
2023-05-29,azerbaijan,nagorno_karabakh,248,1,249,0.4016064257028112,War onset (2022-2023)
2023-06-05,azerbaijan,nagorno_karabakh,223,1,224,0.4464285714285714,War onset (2022-2023)
2023-06-12,azerbaijan,nagorno_karabakh,247,10,257,3.8910505836575875,War onset (2022-2023)
2023-06-19,azerbaijan,nagorno_karabakh,151,8,159,5.031446540880504,War onset (2022-2023)
2023-06-26,azerbaijan,nagorno_karabakh,166,7,173,4.046242774566474,War onset (2022-2023)
2023-07-03,azerbaijan,nagorno_karabakh,140,14,154,9.090909090909092,War onset (2022-2023)
2023-07-10,azerbaijan,nagorno_karabakh,134,5,139,3.597122302158273,War onset (2022-2023)
2023-07-17,azerbaijan,nagorno_karabakh,108,11,119,9.243697478991598,War onset (2022-2023)
2023-07-24,azerbaijan,nagorno_karabakh,213,1,214,0.46728971962616817,War onset (2022-2023)
2023-07-31,azerbaijan,nagorno_karabakh,152,0,152,0.0,War onset (2022-2023)
2023-08-07,azerbaijan,nagorno_karabakh,137,1,138,0.7246376811594203,War onset (2022-2023)
2023-08-14,azerbaijan,nagorno_karabakh,140,1,141,0.7092198581560284,War onset (2022-2023)
2023-08-21,azerbaijan,nagorno_karabakh,142,0,142,0.0,War onset (2022-2023)
2023-08-28,azerbaijan,nagorno_karabakh,149,0,149,0.0,War onset (2022-2023)
2023-09-04,azerbaijan,nagorno_karabakh,146,2,148,1.3513513513513513,War onset (2022-2023)
2023-09-11,azerbaijan,nagorno_karabakh,137,4,141,2.8368794326241136,War onset (2022-2023)
2023-09-18,azerbaijan,nagorno_karabakh,33,1,34,2.941176470588235,War onset (2022-2023)
2023-09-25,azerbaijan,nagorno_karabakh,76,1,77,1.2987012987012987,War onset (2022-2023)
2023-10-02,azerbaijan,nagorno_karabakh,41,4,45,8.88888888888889,War onset (2022-2023)
2023-10-09,azerbaijan,nagorno_karabakh,42,3,45,6.666666666666667,War onset (2022-2023)
2023-10-16,azerbaijan,nagorno_karabakh,85,1,86,1.1627906976744187,War onset (2022-2023)
2023-10-23,azerbaijan,nagorno_karabakh,93,1,94,1.0638297872340425,War onset (2022-2023)
2023-10-30,azerbaijan,nagorno_karabakh,156,0,156,0.0,War onset (2022-2023)
2023-11-06,azerbaijan,nagorno_karabakh,124,2,126,1.5873015873015872,War onset (2022-2023)
2023-11-13,azerbaijan,nagorno_karabakh,95,0,95,0.0,War onset (2022-2023)
2023-11-20,azerbaijan,nagorno_karabakh,89,0,89,0.0,War onset (2022-2023)
2023-11-27,azerbaijan,nagorno_karabakh,88,0,88,0.0,War onset (2022-2023)
2023-12-04,azerbaijan,nagorno_karabakh,80,0,80,0.0,War onset (2022-2023)
2023-12-11,azerbaijan,nagorno_karabakh,74,0,74,0.0,War onset (2022-2023)
2023-12-18,azerbaijan,nagorno_karabakh,124,0,124,0.0,War onset (2022-2023)
2023-12-25,azerbaijan,nagorno_karabakh,125,1,126,0.7936507936507936,War onset (2022-2023)
2024-01-01,azerbaijan,nagorno_karabakh,84,1,85,1.1764705882352942,Recent (2024+)
2024-01-08,azerbaijan,nagorno_karabakh,97,0,97,0.0,Recent (2024+)
2024-01-15,azerbaijan,nagorno_karabakh,83,0,83,0.0,Recent (2024+)
2024-01-22,azerbaijan,nagorno_karabakh,65,0,65,0.0,Recent (2024+)
2024-01-29,azerbaijan,nagorno_karabakh,45,0,45,0.0,Recent (2024+)
2024-02-05,azerbaijan,nagorno_karabakh,149,0,149,0.0,Recent (2024+)
2024-02-12,azerbaijan,nagorno_karabakh,109,5,114,4.385964912280701,Recent (2024+)
2024-02-19,azerbaijan,nagorno_karabakh,87,0,87,0.0,Recent (2024+)
2024-02-26,azerbaijan,nagorno_karabakh,92,0,92,0.0,Recent (2024+)
2024-03-04,azerbaijan,nagorno_karabakh,114,0,114,0.0,Recent (2024+)
2024-03-11,azerbaijan,nagorno_karabakh,114,4,118,3.389830508474576,Recent (2024+)
2024-03-18,azerbaijan,nagorno_karabakh,149,0,149,0.0,Recent (2024+)
2024-03-25,azerbaijan,nagorno_karabakh,114,2,116,1.7241379310344827,Recent (2024+)
2024-04-01,azerbaijan,nagorno_karabakh,108,2,110,1.8181818181818181,Recent (2024+)
2024-04-08,azerbaijan,nagorno_karabakh,118,3,121,2.479338842975207,Recent (2024+)
2024-04-15,azerbaijan,nagorno_karabakh,119,6,125,4.8,Recent (2024+)
2024-04-22,azerbaijan,nagorno_karabakh,122,4,126,3.1746031746031744,Recent (2024+)
2024-04-29,azerbaijan,nagorno_karabakh,145,3,148,2.027027027027027,Recent (2024+)
2024-05-06,azerbaijan,nagorno_karabakh,116,3,119,2.5210084033613445,Recent (2024+)
2024-05-13,azerbaijan,nagorno_karabakh,96,2,98,2.0408163265306123,Recent (2024+)
2024-05-20,azerbaijan,nagorno_karabakh,191,1,192,0.5208333333333333,Recent (2024+)
2024-05-27,azerbaijan,nagorno_karabakh,294,3,297,1.0101010101010102,Recent (2024+)
2024-06-03,azerbaijan,nagorno_karabakh,387,1,388,0.25773195876288657,Recent (2024+)
2024-06-10,azerbaijan,nagorno_karabakh,422,2,424,0.4716981132075472,Recent (2024+)
2024-06-17,azerbaijan,nagorno_karabakh,363,8,371,2.15633423180593,Recent (2024+)
2024-06-24,azerbaijan,nagorno_karabakh,255,1,256,0.390625,Recent (2024+)
2024-07-01,azerbaijan,nagorno_karabakh,244,1,245,0.40816326530612246,Recent (2024+)
2024-07-08,azerbaijan,nagorno_karabakh,198,4,202,1.9801980198019802,Recent (2024+)
2024-07-15,azerbaijan,nagorno_karabakh,205,5,210,2.380952380952381,Recent (2024+)
2024-07-22,azerbaijan,nagorno_karabakh,371,8,379,2.1108179419525066,Recent (2024+)
2024-07-29,azerbaijan,nagorno_karabakh,243,4,247,1.6194331983805668,Recent (2024+)
2024-08-05,azerbaijan,nagorno_karabakh,207,1,208,0.4807692307692308,Recent (2024+)
2024-08-12,azerbaijan,nagorno_karabakh,224,2,226,0.8849557522123894,Recent (2024+)
2024-08-19,azerbaijan,nagorno_karabakh,244,4,248,1.6129032258064515,Recent (2024+)
2024-08-26,azerbaijan,nagorno_karabakh,344,1,345,0.2898550724637681,Recent (2024+)
2024-09-02,azerbaijan,nagorno_karabakh,231,3,234,1.282051282051282,Recent (2024+)
2024-09-09,azerbaijan,nagorno_karabakh,323,5,328,1.524390243902439,Recent (2024+)
2024-09-16,azerbaijan,nagorno_karabakh,205,0,205,0.0,Recent (2024+)
2024-09-23,azerbaijan,nagorno_karabakh,178,1,179,0.5586592178770949,Recent (2024+)
2024-09-30,azerbaijan,nagorno_karabakh,382,7,389,1.7994858611825193,Recent (2024+)
2024-10-07,azerbaijan,nagorno_karabakh,278,0,278,0.0,Recent (2024+)
2024-10-14,azerbaijan,nagorno_karabakh,302,0,302,0.0,Recent (2024+)
2024-10-21,azerbaijan,nagorno_karabakh,469,2,471,0.42462845010615713,Recent (2024+)
2024-10-28,azerbaijan,nagorno_karabakh,191,1,192,0.5208333333333333,Recent (2024+)
2024-11-04,azerbaijan,nagorno_karabakh,311,2,313,0.6389776357827476,Recent (2024+)
2024-11-11,azerbaijan,nagorno_karabakh,378,1,379,0.2638522427440633,Recent (2024+)
2024-11-18,azerbaijan,nagorno_karabakh,274,1,275,0.36363636363636365,Recent (2024+)
2024-11-25,azerbaijan,nagorno_karabakh,271,1,272,0.3676470588235294,Recent (2024+)
2024-12-02,azerbaijan,nagorno_karabakh,291,1,292,0.3424657534246575,Recent (2024+)
2024-12-09,azerbaijan,nagorno_karabakh,327,4,331,1.2084592145015105,Recent (2024+)
2024-12-16,azerbaijan,nagorno_karabakh,361,3,364,0.8241758241758242,Recent (2024+)
2024-12-23,azerbaijan,nagorno_karabakh,403,4,407,0.9828009828009828,Recent (2024+)
2024-12-30,azerbaijan,nagorno_karabakh,438,1,439,0.22779043280182232,Recent (2024+)
2025-01-06,azerbaijan,nagorno_karabakh,313,5,318,1.5723270440251573,Recent (2024+)
2025-01-13,azerbaijan,nagorno_karabakh,673,7,680,1.0294117647058822,Recent (2024+)
2025-01-20,azerbaijan,nagorno_karabakh,822,10,832,1.201923076923077,Recent (2024+)
2025-01-27,azerbaijan,nagorno_karabakh,671,13,684,1.9005847953216373,Recent (2024+)
2025-02-03,azerbaijan,nagorno_karabakh,686,13,699,1.859799713876967,Recent (2024+)
2025-02-10,azerbaijan,nagorno_karabakh,687,4,691,0.5788712011577424,Recent (2024+)
2025-02-17,azerbaijan,nagorno_karabakh,687,15,702,2.1367521367521367,Recent (2024+)
2025-02-24,azerbaijan,nagorno_karabakh,718,7,725,0.9655172413793104,Recent (2024+)
2025-03-03,azerbaijan,nagorno_karabakh,750,4,754,0.5305039787798408,Recent (2024+)
2025-03-10,azerbaijan,nagorno_karabakh,727,9,736,1.2228260869565217,Recent (2024+)
2025-03-17,azerbaijan,nagorno_karabakh,742,14,756,1.8518518518518516,Recent (2024+)
2025-03-24,azerbaijan,nagorno_karabakh,859,0,859,0.0,Recent (2024+)
2025-03-31,azerbaijan,nagorno_karabakh,804,12,816,1.4705882352941175,Recent (2024+)
2025-04-07,azerbaijan,nagorno_karabakh,805,4,809,0.4944375772558714,Recent (2024+)
2025-04-14,azerbaijan,nagorno_karabakh,983,5,988,0.5060728744939271,Recent (2024+)
2025-04-21,azerbaijan,nagorno_karabakh,819,3,822,0.36496350364963503,Recent (2024+)
2025-04-28,azerbaijan,nagorno_karabakh,625,14,639,2.190923317683881,Recent (2024+)
2025-05-05,azerbaijan,nagorno_karabakh,412,2,414,0.4830917874396135,Recent (2024+)
2025-05-12,azerbaijan,nagorno_karabakh,298,2,300,0.6666666666666667,Recent (2024+)
2025-05-19,azerbaijan,nagorno_karabakh,485,7,492,1.4227642276422763,Recent (2024+)
2025-05-26,azerbaijan,nagorno_karabakh,657,2,659,0.30349013657056145,Recent (2024+)
2025-06-02,azerbaijan,nagorno_karabakh,618,3,621,0.4830917874396135,Recent (2024+)
2025-06-09,azerbaijan,nagorno_karabakh,740,10,750,1.3333333333333335,Recent (2024+)
2025-06-16,azerbaijan,nagorno_karabakh,853,32,885,3.615819209039548,Recent (2024+)
2025-06-23,azerbaijan,nagorno_karabakh,744,45,789,5.7034220532319395,Recent (2024+)
2025-06-30,azerbaijan,nagorno_karabakh,895,27,922,2.928416485900217,Recent (2024+)
2025-07-07,azerbaijan,nagorno_karabakh,993,13,1006,1.2922465208747516,Recent (2024+)
2025-07-14,azerbaijan,nagorno_karabakh,925,10,935,1.06951871657754,Recent (2024+)
2025-07-21,azerbaijan,nagorno_karabakh,854,16,870,1.839080459770115,Recent (2024+)
2025-07-28,azerbaijan,nagorno_karabakh,869,9,878,1.0250569476082005,Recent (2024+)
2025-08-04,azerbaijan,nagorno_karabakh,865,12,877,1.3683010262257698,Recent (2024+)
2025-08-11,azerbaijan,nagorno_karabakh,796,5,801,0.6242197253433208,Recent (2024+)
2025-08-18,azerbaijan,nagorno_karabakh,859,17,876,1.9406392694063925,Recent (2024+)
2025-08-25,azerbaijan,nagorno_karabakh,889,4,893,0.4479283314669653,Recent (2024+)
2025-09-01,azerbaijan,nagorno_karabakh,788,7,795,0.8805031446540881,Recent (2024+)
2025-09-08,azerbaijan,nagorno_karabakh,832,9,841,1.070154577883472,Recent (2024+)
2025-09-15,azerbaijan,nagorno_karabakh,868,18,886,2.0316027088036117,Recent (2024+)
2025-09-22,azerbaijan,nagorno_karabakh,285,5,290,1.7241379310344827,Recent (2024+)
2025-09-29,azerbaijan,nagorno_karabakh,585,11,596,1.8456375838926176,Recent (2024+)
2025-10-06,azerbaijan,nagorno_karabakh,619,10,629,1.5898251192368837,Recent (2024+)
2025-10-13,azerbaijan,nagorno_karabakh,725,7,732,0.9562841530054645,Recent (2024+)
2025-10-20,azerbaijan,nagorno_karabakh,807,6,813,0.7380073800738007,Recent (2024+)
2025-10-27,azerbaijan,nagorno_karabakh,616,2,618,0.3236245954692557,Recent (2024+)
2025-11-03,azerbaijan,nagorno_karabakh,528,2,530,0.37735849056603776,Recent (2024+)
2025-11-10,azerbaijan,nagorno_karabakh,663,12,675,1.7777777777777777,Recent (2024+)
2025-11-17,azerbaijan,nagorno_karabakh,554,4,558,0.7168458781362007,Recent (2024+)
2025-11-24,azerbaijan,nagorno_karabakh,606,11,617,1.7828200972447326,Recent (2024+)
2025-12-01,azerbaijan,nagorno_karabakh,662,28,690,4.057971014492753,Recent (2024+)
2025-12-08,azerbaijan,nagorno_karabakh,707,19,726,2.6170798898071626,Recent (2024+)
2025-12-15,azerbaijan,nagorno_karabakh,712,21,733,2.8649386084583903,Recent (2024+)
2025-12-22,azerbaijan,nagorno_karabakh,622,22,644,3.4161490683229814,Recent (2024+)
2025-12-29,azerbaijan,nagorno_karabakh,695,22,717,3.0683403068340307,Recent (2024+)
2026-01-05,azerbaijan,nagorno_karabakh,616,52,668,7.784431137724551,Recent (2024+)
2026-01-12,azerbaijan,nagorno_karabakh,564,108,672,16.071428571428573,Recent (2024+)
2026-01-19,azerbaijan,nagorno_karabakh,551,84,635,13.228346456692913,Recent (2024+)
2026-01-26,azerbaijan,nagorno_karabakh,624,64,688,9.30232558139535,Recent (2024+)
2026-02-02,azerbaijan,nagorno_karabakh,645,1,646,0.15479876160990713,Recent (2024+)
2026-02-09,azerbaijan,nagorno_karabakh,671,25,696,3.5919540229885056,Recent (2024+)
2026-02-16,azerbaijan,nagorno_karabakh,788,21,809,2.595797280593325,Recent (2024+)
2026-02-23,azerbaijan,nagorno_karabakh,764,17,781,2.176696542893726,Recent (2024+)
2026-03-02,azerbaijan,nagorno_karabakh,379,15,394,3.807106598984772,Recent (2024+)
2026-03-09,azerbaijan,nagorno_karabakh,15,4,19,21.052631578947366,Recent (2024+)
2026-03-16,azerbaijan,nagorno_karabakh,56,6,62,9.67741935483871,Recent (2024+)
2026-03-23,azerbaijan,nagorno_karabakh,93,2,95,2.1052631578947367,Recent (2024+)
2026-03-30,azerbaijan,nagorno_karabakh,106,3,109,2.7522935779816518,Recent (2024+)
2026-04-06,azerbaijan,nagorno_karabakh,242,6,248,2.4193548387096775,Recent (2024+)
2026-04-13,azerbaijan,nagorno_karabakh,225,5,230,2.1739130434782608,Recent (2024+)
2026-04-20,azerbaijan,nagorno_karabakh,208,4,212,1.8867924528301887,Recent (2024+)
2026-04-27,azerbaijan,nagorno_karabakh,212,6,218,2.7522935779816518,Recent (2024+)
2026-05-04,azerbaijan,nagorno_karabakh,91,1,92,1.0869565217391304,Recent (2024+)
2026-05-11,azerbaijan,nagorno_karabakh,116,2,118,1.694915254237288,Recent (2024+)
2022-02-14,georgia,georgia,2893,55,2948,1.8656716417910446,Pre-war
2022-02-21,georgia,georgia,6220,45,6265,0.7182761372705506,Pre-war
2022-02-28,georgia,georgia,9461,61,9522,0.6406217181264441,War onset (2022-2023)
2022-03-07,georgia,georgia,9039,26,9065,0.2868174296745725,War onset (2022-2023)
2022-03-14,georgia,georgia,9253,105,9358,1.1220346227826459,War onset (2022-2023)
2022-03-21,georgia,georgia,7862,155,8017,1.9333915429711863,War onset (2022-2023)
2022-03-28,georgia,georgia,10448,212,10660,1.9887429643527206,War onset (2022-2023)
2022-04-04,georgia,georgia,12069,222,12291,1.806199658286551,War onset (2022-2023)
2022-04-11,georgia,georgia,11813,38,11851,0.3206480465783478,War onset (2022-2023)
2022-04-18,georgia,georgia,11986,38,12024,0.3160345974717232,War onset (2022-2023)
2022-04-25,georgia,georgia,12764,75,12839,0.5841576446763767,War onset (2022-2023)
2022-05-02,georgia,georgia,12321,150,12471,1.2027904738994466,War onset (2022-2023)
2022-05-09,georgia,georgia,13016,139,13155,1.056632459141011,War onset (2022-2023)
2022-05-16,georgia,georgia,13423,110,13533,0.8128279021650778,War onset (2022-2023)
2022-05-23,georgia,georgia,14045,64,14109,0.4536111701750656,War onset (2022-2023)
2022-05-30,georgia,georgia,14762,99,14861,0.6661732050333087,War onset (2022-2023)
2022-06-06,georgia,georgia,9959,71,10030,0.707876370887338,War onset (2022-2023)
2022-06-13,georgia,georgia,14240,63,14303,0.44046703488778577,War onset (2022-2023)
2022-06-20,georgia,georgia,14781,46,14827,0.3102448236325622,War onset (2022-2023)
2022-06-27,georgia,georgia,15305,119,15424,0.7715248962655602,War onset (2022-2023)
2022-07-04,georgia,georgia,15912,150,16062,0.9338812103100484,War onset (2022-2023)
2022-07-11,georgia,georgia,16357,81,16438,0.4927606764813237,War onset (2022-2023)
2022-07-18,georgia,georgia,16715,78,16793,0.46447924730542484,War onset (2022-2023)
2022-07-25,georgia,georgia,12851,47,12898,0.3643975810203132,War onset (2022-2023)
2022-08-01,georgia,georgia,12249,202,12451,1.6223596498273232,War onset (2022-2023)
2022-08-08,georgia,georgia,12568,71,12639,0.5617533032676636,War onset (2022-2023)
2022-08-15,georgia,georgia,12542,110,12652,0.8694277584571608,War onset (2022-2023)
2022-08-22,georgia,georgia,12937,74,13011,0.56874951963723,War onset (2022-2023)
2022-08-29,georgia,georgia,12328,69,12397,0.5565862708719851,War onset (2022-2023)
2022-09-05,georgia,georgia,10704,31,10735,0.2887750349324639,War onset (2022-2023)
2022-09-12,georgia,georgia,12062,248,12310,2.014622258326564,War onset (2022-2023)
2022-09-19,georgia,georgia,13245,78,13323,0.5854537266381445,War onset (2022-2023)
2022-09-26,georgia,georgia,13350,395,13745,2.8737722808293924,War onset (2022-2023)
2022-10-03,georgia,georgia,11039,147,11186,1.3141426783479349,War onset (2022-2023)
2022-10-10,georgia,georgia,8839,92,8931,1.0301198074123838,War onset (2022-2023)
2022-10-17,georgia,georgia,12099,103,12202,0.8441239141124405,War onset (2022-2023)
2022-10-24,georgia,georgia,10875,104,10979,0.9472629565534201,War onset (2022-2023)
2022-10-31,georgia,georgia,9802,55,9857,0.5579791011463935,War onset (2022-2023)
2022-11-07,georgia,georgia,9926,246,10172,2.418403460479748,War onset (2022-2023)
2022-11-14,georgia,georgia,9878,134,10012,1.3383939272872554,War onset (2022-2023)
2022-11-21,georgia,georgia,10153,239,10392,2.2998460354118553,War onset (2022-2023)
2022-11-28,georgia,georgia,9676,80,9756,0.8200082000820008,War onset (2022-2023)
2022-12-05,georgia,georgia,8667,67,8734,0.7671170139683994,War onset (2022-2023)
2022-12-12,georgia,georgia,9472,97,9569,1.01369004075661,War onset (2022-2023)
2022-12-19,georgia,georgia,8910,126,9036,1.394422310756972,War onset (2022-2023)
2022-12-26,georgia,georgia,7369,62,7431,0.8343426187592518,War onset (2022-2023)
2023-01-02,georgia,georgia,9692,297,9989,2.9732705976574234,War onset (2022-2023)
2023-01-09,georgia,georgia,9712,268,9980,2.685370741482966,War onset (2022-2023)
2023-01-16,georgia,georgia,9970,129,10099,1.2773541934845034,War onset (2022-2023)
2023-01-23,georgia,georgia,9031,56,9087,0.6162649939473973,War onset (2022-2023)
2023-01-30,georgia,georgia,7515,30,7545,0.3976143141153081,War onset (2022-2023)
2023-02-06,georgia,georgia,7492,24,7516,0.31931878658861096,War onset (2022-2023)
2023-02-13,georgia,georgia,7892,13,7905,0.1644528779253637,War onset (2022-2023)
2023-02-20,georgia,georgia,9971,65,10036,0.6476683937823834,War onset (2022-2023)
2023-02-27,georgia,georgia,9893,58,9951,0.5828559943724249,War onset (2022-2023)
2023-03-06,georgia,georgia,8150,58,8208,0.7066276803118908,War onset (2022-2023)
2023-03-13,georgia,georgia,9741,187,9928,1.8835616438356164,War onset (2022-2023)
2023-03-20,georgia,georgia,10188,156,10344,1.5081206496519721,War onset (2022-2023)
2023-03-27,georgia,georgia,9124,223,9347,2.3857922328019683,War onset (2022-2023)
2023-04-03,georgia,georgia,10635,201,10836,1.8549280177187155,War onset (2022-2023)
2023-04-10,georgia,georgia,13824,128,13952,0.9174311926605505,War onset (2022-2023)
2023-04-17,georgia,georgia,15966,193,16159,1.1943808403985396,War onset (2022-2023)
2023-04-24,georgia,georgia,17991,223,18214,1.2243329307126385,War onset (2022-2023)
2023-05-01,georgia,georgia,14974,193,15167,1.2724995055053736,War onset (2022-2023)
2023-05-08,georgia,georgia,17736,350,18086,1.9351984960743116,War onset (2022-2023)
2023-05-15,georgia,georgia,19180,665,19845,3.3509700176366843,War onset (2022-2023)
2023-05-22,georgia,georgia,19600,373,19973,1.8675211535573024,War onset (2022-2023)
2023-05-29,georgia,georgia,19768,405,20173,2.0076339661924356,War onset (2022-2023)
2023-06-05,georgia,georgia,13938,591,14529,4.067726615734049,War onset (2022-2023)
2023-06-12,georgia,georgia,14642,270,14912,1.8106223175965668,War onset (2022-2023)
2023-06-19,georgia,georgia,13087,325,13412,2.42320310169997,War onset (2022-2023)
2023-06-26,georgia,georgia,17236,352,17588,2.001364566750057,War onset (2022-2023)
2023-07-03,georgia,georgia,18183,326,18509,1.7613053109298178,War onset (2022-2023)
2023-07-10,georgia,georgia,18179,281,18460,1.5222101841820153,War onset (2022-2023)
2023-07-17,georgia,georgia,18637,259,18896,1.3706604572396275,War onset (2022-2023)
2023-07-24,georgia,georgia,18996,228,19224,1.1860174781523096,War onset (2022-2023)
2023-07-31,georgia,georgia,17874,261,18135,1.4392059553349876,War onset (2022-2023)
2023-08-07,georgia,georgia,19968,355,20323,1.7467893519657531,War onset (2022-2023)
2023-08-14,georgia,georgia,19170,407,19577,2.0789702201563056,War onset (2022-2023)
2023-08-21,georgia,georgia,17781,385,18166,2.1193438291313442,War onset (2022-2023)
2023-08-28,georgia,georgia,17901,351,18252,1.9230769230769231,War onset (2022-2023)
2023-09-04,georgia,georgia,15976,324,16300,1.987730061349693,War onset (2022-2023)
2023-09-11,georgia,georgia,16156,345,16501,2.0907823768256466,War onset (2022-2023)
2023-09-18,georgia,georgia,17553,527,18080,2.9148230088495577,War onset (2022-2023)
2023-09-25,georgia,georgia,18438,242,18680,1.2955032119914347,War onset (2022-2023)
2023-10-02,georgia,georgia,15837,460,16297,2.8226053874946313,War onset (2022-2023)
2023-10-09,georgia,georgia,16972,182,17154,1.060977031596129,War onset (2022-2023)
2023-10-16,georgia,georgia,16950,104,17054,0.6098276064266448,War onset (2022-2023)
2023-10-23,georgia,georgia,15957,124,16081,0.7710963248554195,War onset (2022-2023)
2023-10-30,georgia,georgia,15338,116,15454,0.7506147275786204,War onset (2022-2023)
2023-11-06,georgia,georgia,14431,100,14531,0.6881838827334664,War onset (2022-2023)
2023-11-13,georgia,georgia,13924,109,14033,0.7767405401553481,War onset (2022-2023)
2023-11-20,georgia,georgia,12324,327,12651,2.5847759070429217,War onset (2022-2023)
2023-11-27,georgia,georgia,14572,1085,15657,6.929807753720381,War onset (2022-2023)
2023-12-04,georgia,georgia,16429,1312,17741,7.395299024857674,War onset (2022-2023)
2023-12-11,georgia,georgia,19814,247,20061,1.2312447036538559,War onset (2022-2023)
2023-12-18,georgia,georgia,19377,247,19624,1.2586628618018754,War onset (2022-2023)
2023-12-25,georgia,georgia,17364,358,17722,2.0200880261821466,War onset (2022-2023)
2024-01-01,georgia,georgia,18885,420,19305,2.1756021756021755,Recent (2024+)
2024-01-08,georgia,georgia,19301,204,19505,1.0458856703409383,Recent (2024+)
2024-01-15,georgia,georgia,18757,182,18939,0.9609799883837583,Recent (2024+)
2024-01-22,georgia,georgia,15659,551,16210,3.399136335595312,Recent (2024+)
2024-01-29,georgia,georgia,14021,906,14927,6.069538420312186,Recent (2024+)
2024-02-05,georgia,georgia,16120,1255,17375,7.2230215827338125,Recent (2024+)
2024-02-12,georgia,georgia,15769,1226,16995,7.2138864371874085,Recent (2024+)
2024-02-19,georgia,georgia,16763,1396,18159,7.6876479982377885,Recent (2024+)
2024-02-26,georgia,georgia,17904,1914,19818,9.65788676960339,Recent (2024+)
2024-03-04,georgia,georgia,16415,1797,18212,9.86712057983747,Recent (2024+)
2024-03-11,georgia,georgia,16595,1905,18500,10.297297297297298,Recent (2024+)
2024-03-18,georgia,georgia,17475,1689,19164,8.813400125234814,Recent (2024+)
2024-03-25,georgia,georgia,12809,209,13018,1.6054693501305883,Recent (2024+)
2024-04-01,georgia,georgia,12973,518,13491,3.839596768215848,Recent (2024+)
2024-04-08,georgia,georgia,15350,604,15954,3.78588441770089,Recent (2024+)
2024-04-15,georgia,georgia,23453,2205,25658,8.593810897186064,Recent (2024+)
2024-04-22,georgia,georgia,25874,2876,28750,10.003478260869565,Recent (2024+)
2024-04-29,georgia,georgia,25248,2852,28100,10.149466192170818,Recent (2024+)
2024-05-06,georgia,georgia,25046,3473,28519,12.17784634804867,Recent (2024+)
2024-05-13,georgia,georgia,25388,3016,28404,10.618222785523166,Recent (2024+)
2024-05-20,georgia,georgia,19653,900,20553,4.378922784994891,Recent (2024+)
2024-05-27,georgia,georgia,22313,2119,24432,8.673051735428945,Recent (2024+)
2024-06-03,georgia,georgia,20967,1601,22568,7.094115561857498,Recent (2024+)
2024-06-10,georgia,georgia,18797,1625,20422,7.957105082753893,Recent (2024+)
2024-06-17,georgia,georgia,18697,1537,20234,7.596125333596916,Recent (2024+)
2024-06-24,georgia,georgia,17388,1483,18871,7.858619045095649,Recent (2024+)
2024-07-01,georgia,georgia,18311,1356,19667,6.894798393247573,Recent (2024+)
2024-07-08,georgia,georgia,15089,1216,16305,7.457835019932537,Recent (2024+)
2024-07-15,georgia,georgia,14705,1203,15908,7.562232838823234,Recent (2024+)
2024-07-22,georgia,georgia,17163,1384,18547,7.46212325443468,Recent (2024+)
2024-07-29,georgia,georgia,17904,1382,19286,7.165819765633103,Recent (2024+)
2024-08-05,georgia,georgia,20763,1450,22213,6.527708999234683,Recent (2024+)
2024-08-12,georgia,georgia,23614,1480,25094,5.897824181079142,Recent (2024+)
2024-08-19,georgia,georgia,26177,1285,27462,4.679193066783191,Recent (2024+)
2024-08-26,georgia,georgia,26821,1374,28195,4.87320446887746,Recent (2024+)
2024-09-02,georgia,georgia,21757,1081,22838,4.733339171556179,Recent (2024+)
2024-09-09,georgia,georgia,26224,1383,27607,5.009599014742638,Recent (2024+)
2024-09-16,georgia,georgia,26272,1209,27481,4.399403224045704,Recent (2024+)
2024-09-23,georgia,georgia,25443,1262,26705,4.72570679648006,Recent (2024+)
2024-09-30,georgia,georgia,26684,1212,27896,4.344708918841411,Recent (2024+)
2024-10-07,georgia,georgia,24195,1346,25541,5.2699581065737435,Recent (2024+)
2024-10-14,georgia,georgia,22572,1107,23679,4.67502850627138,Recent (2024+)
2024-10-21,georgia,georgia,20404,1594,21998,7.246113283025729,Recent (2024+)
2024-10-28,georgia,georgia,20471,663,21134,3.1371250118292795,Recent (2024+)
2024-11-04,georgia,georgia,16640,1079,17719,6.089508437270727,Recent (2024+)
2024-11-11,georgia,georgia,15174,451,15625,2.8864,Recent (2024+)
2024-11-18,georgia,georgia,12123,245,12368,1.9809184993531694,Recent (2024+)
2024-11-25,georgia,georgia,16123,575,16698,3.443526170798898,Recent (2024+)
2024-12-02,georgia,georgia,16263,881,17144,5.138824078394774,Recent (2024+)
2024-12-09,georgia,georgia,18294,680,18974,3.583851586381364,Recent (2024+)
2024-12-16,georgia,georgia,16103,612,16715,3.6613819922225543,Recent (2024+)
2024-12-23,georgia,georgia,13041,526,13567,3.877054617822658,Recent (2024+)
2024-12-30,georgia,georgia,13115,1391,14506,9.589135530125466,Recent (2024+)
2025-01-06,georgia,georgia,9569,1183,10752,11.002604166666668,Recent (2024+)
2025-01-13,georgia,georgia,15463,1631,17094,9.541359541359542,Recent (2024+)
2025-01-20,georgia,georgia,13932,1882,15814,11.900847350448968,Recent (2024+)
2025-01-27,georgia,georgia,11780,1488,13268,11.214953271028037,Recent (2024+)
2025-02-03,georgia,georgia,7530,735,8265,8.892921960072595,Recent (2024+)
2025-02-10,georgia,georgia,11414,1284,12698,10.11182863443062,Recent (2024+)
2025-02-17,georgia,georgia,12510,1623,14133,11.483761409467204,Recent (2024+)
2025-02-24,georgia,georgia,14253,2080,16333,12.73495377456683,Recent (2024+)
2025-03-03,georgia,georgia,11657,1461,13118,11.137368501295928,Recent (2024+)
2025-03-10,georgia,georgia,10873,1256,12129,10.355346689751835,Recent (2024+)
2025-03-17,georgia,georgia,19556,1737,21293,8.157610482318132,Recent (2024+)
2025-03-24,georgia,georgia,22146,1657,23803,6.961307398227114,Recent (2024+)
2025-03-31,georgia,georgia,22969,1951,24920,7.829052969502408,Recent (2024+)
2025-04-07,georgia,georgia,22592,1768,24360,7.2577996715927755,Recent (2024+)
2025-04-14,georgia,georgia,23075,1699,24774,6.857996286429321,Recent (2024+)
2025-04-21,georgia,georgia,23851,1610,25461,6.323396567299007,Recent (2024+)
2025-04-28,georgia,georgia,21229,1905,23134,8.234633007694303,Recent (2024+)
2025-05-05,georgia,georgia,20368,1743,22111,7.882954185699425,Recent (2024+)
2025-05-12,georgia,georgia,16791,1238,18029,6.866714737367574,Recent (2024+)
2025-05-19,georgia,georgia,21112,1951,23063,8.459437193773576,Recent (2024+)
2025-05-26,georgia,georgia,13644,2635,16279,16.186497942134036,Recent (2024+)
2025-06-02,georgia,georgia,17520,2922,20442,14.294100381567363,Recent (2024+)
2025-06-09,georgia,georgia,25516,2592,28108,9.221573929130496,Recent (2024+)
2025-06-16,georgia,georgia,21414,2988,24402,12.244897959183673,Recent (2024+)
2025-06-23,georgia,georgia,25687,2923,28610,10.21670744494932,Recent (2024+)
2025-06-30,georgia,georgia,21984,2066,24050,8.590436590436589,Recent (2024+)
2025-07-07,georgia,georgia,21496,2795,24291,11.506319212877198,Recent (2024+)
2025-07-14,georgia,georgia,21871,3071,24942,12.31256515115067,Recent (2024+)
2025-07-21,georgia,georgia,20246,2494,22740,10.9674582233949,Recent (2024+)
2025-07-28,georgia,georgia,20735,2893,23628,12.243947858472998,Recent (2024+)
2025-08-04,georgia,georgia,21448,3392,24840,13.655394524959744,Recent (2024+)
2025-08-11,georgia,georgia,19414,2924,22338,13.08980213089802,Recent (2024+)
2025-08-18,georgia,georgia,13476,2733,16209,16.861003146400147,Recent (2024+)
2025-08-25,georgia,georgia,19712,3064,22776,13.452757288373727,Recent (2024+)
2025-09-01,georgia,georgia,20756,3134,23890,13.118459606529928,Recent (2024+)
2025-09-08,georgia,georgia,18883,2235,21118,10.58338857846387,Recent (2024+)
2025-09-15,georgia,georgia,16358,1545,17903,8.62983857454058,Recent (2024+)
2025-09-22,georgia,georgia,19082,2458,21540,11.411327762302692,Recent (2024+)
2025-09-29,georgia,georgia,21197,3141,24338,12.90574410387049,Recent (2024+)
2025-10-06,georgia,georgia,18757,2853,21610,13.202221193891717,Recent (2024+)
2025-10-13,georgia,georgia,17948,2590,20538,12.610770279481937,Recent (2024+)
2025-10-20,georgia,georgia,13525,2438,15963,15.272818392532733,Recent (2024+)
2025-10-27,georgia,georgia,13321,1545,14866,10.39284272837347,Recent (2024+)
2025-11-03,georgia,georgia,15298,2371,17669,13.418982398551135,Recent (2024+)
2025-11-10,georgia,georgia,15635,2642,18277,14.455326366471521,Recent (2024+)
2025-11-17,georgia,georgia,16183,2378,18561,12.811809708528635,Recent (2024+)
2025-11-24,georgia,georgia,13125,1652,14777,11.179535765040265,Recent (2024+)
2025-12-01,georgia,georgia,13385,1652,15037,10.986233956241271,Recent (2024+)
2025-12-08,georgia,georgia,14444,1929,16373,11.781591644781042,Recent (2024+)
2025-12-15,georgia,georgia,11552,1590,13142,12.098615127073504,Recent (2024+)
2025-12-22,georgia,georgia,11885,1335,13220,10.098335854765507,Recent (2024+)
2025-12-29,georgia,georgia,11059,1525,12584,12.11856325492689,Recent (2024+)
2026-01-05,georgia,georgia,12144,1660,13804,12.02549985511446,Recent (2024+)
2026-01-12,georgia,georgia,13387,2008,15395,13.043195842806105,Recent (2024+)
2026-01-19,georgia,georgia,16959,3018,19977,15.107373479501426,Recent (2024+)
2026-01-26,georgia,georgia,15588,2731,18319,14.908018996670124,Recent (2024+)
2026-02-02,georgia,georgia,12217,2152,14369,14.9766859210801,Recent (2024+)
2026-02-09,georgia,georgia,12309,1805,14114,12.78872041944169,Recent (2024+)
2026-02-16,georgia,georgia,11243,1444,12687,11.38172932923465,Recent (2024+)
2026-02-23,georgia,georgia,10747,1320,12067,10.938924339106656,Recent (2024+)
2026-03-02,georgia,georgia,17958,2862,20820,13.746397694524495,Recent (2024+)
2026-03-09,georgia,georgia,14489,2010,16499,12.182556518576883,Recent (2024+)
2026-03-16,georgia,georgia,17837,3239,21076,15.36819130764851,Recent (2024+)
2026-03-23,georgia,georgia,15898,2661,18559,14.338057007381863,Recent (2024+)
2026-03-30,georgia,georgia,18334,2938,21272,13.81158330199323,Recent (2024+)
2026-04-06,georgia,georgia,15142,2563,17705,14.476136684552387,Recent (2024+)
2026-04-13,georgia,georgia,11746,1623,13369,12.14002543196948,Recent (2024+)
2026-04-20,georgia,georgia,12774,1821,14595,12.476875642343268,Recent (2024+)
2026-04-27,georgia,georgia,12057,1696,13753,12.331854868028794,Recent (2024+)
2026-05-04,georgia,georgia,10841,1472,12313,11.95484447332088,Recent (2024+)
2026-05-11,georgia,georgia,11813,1627,13440,12.105654761904763,Recent (2024+)
